{
  "$schema": "http://schema.management.azure.com/schemas/2015-01-01/deploymentParameters.json#",
  "contentVersion": "1.0.0.0",
  "parameters": {
    "vmName": {
      "value": "mysqlvm"
    },
    "vmSize": {
      "value": "Standard_DS1_v2"
    },
    "adminUsername": {
      "value": "mysqladmin"
    },
    "adminPassword": {
      "value": ""
    },
    "mySQLPassword": {
      "value": ""
    },
    "sshPublicKey": {
      "value": ""
    },
    "authenticationType": {
      "value": "password"
    },
    "virtualNetworkName": {
      "value": "mysql_vnet"
    },
    "virtualNetworkAddressPrefix": {
      "value": "10.0.0.0/16"
    },
    "virtualNetworkNewOrExisting": {
      "value": "new"
    },
    "virtualNetworkSubnetName": {
      "value": "mysql_subnet"
    },
    "virtualNetworkSubnetAddressPrefix": {
      "value": "10.0.0.0/24"
    },
    "publicIPAddressName": {
      "value": "mysql_ip"
    },
    "publicIPAddressDomainNameLabel": {
      "value": "mysql"
    },
    "publicIPAddressNewOrExisting": {
      "value": "new"
    },
    "managedDiskAccountType": {
      "value": "Premium_LRS"
    },
    "resourceGroupName": {
      "value": ""
    },
    "allowRemoteConnections": {
      "value": "No"
    },
    "scriptBaseUrl": {
      "value": "https://raw.githubusercontent.com/mattmcspirit/azurestack/master/deployment/scripts/"
    }
  }
}