{
  "$schema":"http://schema.management.azure.com/schemas/2015-01-01/deploymentTemplate.json",
  "contentVersion":"1.0.0.0",
  "parameters":{},
  "variables":{},
  "resources":[],

  "outputs":{
    "aliases":{
      "type":"object",
      "value":{

        "Linux":{
          "UbuntuLTS":{
            "publisher":"Canonical",
            "offer":"UbuntuServer",
            "sku":"16.04-LTS",
            "version":"latest"
          }
        },
        "Windows":{
          "Win2016Datacenter":{
            "publisher":"MicrosoftWindowsServer",
            "offer":"WindowsServer",
            "sku":"2016-Datacenter",
            "version":"latest"
          },
          "Win2016DatacenterCore":{
            "publisher":"MicrosoftWindowsServer",
            "offer":"WindowsServer",
            "sku":"2016-Datacenter-Server-Core",
            "version":"latest"
          }
        }
      }
    }
  }
}