{
    "$schema": "https://schema.management.azure.com/schemas/2015-01-01/deploymentTemplate.json#",
    "contentVersion": "1.0.0.0",
    "apiProfile": "2018-03-01-hybrid",
    "parameters": {
        "adminUsername": {
            "type": "string",
            "metadata": {
                "description": "Username for the Virtual Machine. Default value is localadmin"
            },
            "defaultValue": "localadmin"
        },
        "adminPassword": {
            "type": "securestring",
            "defaultValue": "",
            "metadata": {
                "description": "Password for the Virtual Machine."
            }
        },
        "imagePublisher": {
            "type": "string",
            "defaultValue": "Canonical",
            "metadata": {
                "description": "Maps to the publisher in the Azure Stack Platform Image Repository manifest file"
            }
        },
        "imageOffer": {
            "type": "string",
            "defaultValue": "UbuntuServer",
            "metadata": {
                "description": "Maps to the Offer in the Azure Stack Platform Image Repository manifest file"
            }
        },
        "imageSku": {
            "type": "string",
            "defaultValue": "16.04-LTS",
            "metadata": {
                "description": "Maps to the sku in the Azure Stack Platform Image Repository manifest file"
            }
        },
        "imageVersion": {
            "type": "string",
            "defaultValue": "latest",
            "metadata": {
                "description": "Maps to the VHD version in the Azure Stack Platform Image Repository"
            }
        },
        "vmName": {
            "type": "string",
            "defaultValue": "UbuntuReleaseTest",
            "metadata": {
                "description": "VM Name"
            }
        },
        "vmSize": {
            "type": "string",
            "defaultValue": "Standard_DS2_v2",
            "metadata": {
                "description": "VM Size"
            }
        }
    },
    "variables": {
        "location": "[resourceGroup().location]",
        "OSDiskName": "osdisk",
        "nicName": "[tolower(concat('nic',uniquestring(resourceGroup().id)))]",
        "addressPrefix": "10.0.0.0/24",
        "subnetName": "[tolower(concat('subnet',uniquestring(resourceGroup().id)))]",
        "publicIPAddressName": "[tolower(concat('pip',uniquestring(resourceGroup().id)))]",
        "publicIPAddressDomainNameLabel": "[tolower(concat('ubuntu',uniquestring(resourceGroup().id)))]",
        "subnetPrefix": "10.0.0.0/24",
        "storageAccountName": "[concat('sa', uniquestring(resourceGroup().id))]",
        "storageAccountType": "Standard_LRS",
        "vmStorageAccountContainerName": "vhds",
        "virtualNetworkName": "[tolower(concat('vnet',uniquestring(resourceGroup().id)))]",
        "vnetID": "[resourceId('Microsoft.Network/virtualNetworks',variables('virtualNetworkName'))]",
        "subnetRef": "[concat(variables('vnetID'),'/subnets/',variables('subnetName'))]",
        "networkSecurityGroupName": "[tolower(concat('nsg',uniquestring(resourceGroup().id)))]"
    },
    "resources": [
        {
            "type": "Microsoft.Storage/storageAccounts",
            "name": "[toLower(variables('storageAccountName'))]",
            "location": "[variables('location')]",
            "properties": {
                "accountType": "[variables('storageAccountType')]"
            }
        },
        {
            "type": "Microsoft.Network/publicIPAddresses",
            "name": "[variables('publicIpAddressName')]",
            "location": "[resourceGroup().location]",
            "properties": {
                "publicIPAllocationMethod": "Dynamic",
                "dnsSettings": {
                    "domainNameLabel": "[variables('publicIPAddressDomainNameLabel')]"
                }
            }
        },
        {
            "type": "Microsoft.Network/networkSecurityGroups",
            "name": "[variables('networkSecurityGroupName')]",
            "location": "[resourceGroup().location]",
            "properties": {
                "securityRules": [
                    {
                        "name": "ssh",
                        "properties": {
                            "description": "Allow SSH",
                            "protocol": "Tcp",
                            "sourcePortRange": "*",
                            "destinationPortRange": "22",
                            "sourceAddressPrefix": "*",
                            "destinationAddressPrefix": "*",
                            "access": "Allow",
                            "priority": 200,
                            "direction": "Inbound"
                        }
                    }
                ]
            }
        },
        {
            "type": "Microsoft.Network/virtualNetworks",
            "name": "[variables('virtualNetworkName')]",
            "location": "[variables('location')]",
            "properties": {
                "addressSpace": {
                    "addressPrefixes": [
                        "[variables('addressPrefix')]"
                    ]
                },
                "subnets": [
                    {
                        "name": "[variables('subnetName')]",
                        "properties": {
                            "addressPrefix": "[variables('subnetPrefix')]"
                        }
                    }
                ]
            }
        },
        {
            "type": "Microsoft.Network/networkInterfaces",
            "name": "[variables('nicName')]",
            "location": "[variables('location')]",
            "dependsOn": [
                "[concat('Microsoft.Network/virtualNetworks/', variables('virtualNetworkName'))]",
                "[variables('networkSecurityGroupName')]"
            ],
            "properties": {
                "networkSecurityGroup": {
                    "id": "[resourceId('Microsoft.Network/networkSecurityGroups', variables('networkSecurityGroupName'))]"
                },
                "ipConfigurations": [
                    {
                        "name": "ipconfig1",
                        "properties": {
                            "privateIPAllocationMethod": "Dynamic",
                            "subnet": {
                                "id": "[variables('subnetRef')]"
                            }
                        }
                    }
                ]
            }
        },
        {
            "type": "Microsoft.Compute/virtualMachines",
            "name": "[parameters('vmName')]",
            "location": "[variables('location')]",
            "dependsOn": [
                "[concat('Microsoft.Storage/storageAccounts/', variables('storageAccountName'))]",
                "[concat('Microsoft.Network/networkInterfaces/', variables('nicName'))]"
            ],
            "properties": {
                "hardwareProfile": {
                    "vmSize": "[parameters('vmSize')]"
                },
                "osProfile": {
                    "computerName": "[parameters('vmName')]",
                    "adminUsername": "[parameters('adminUsername')]",
                    "adminPassword": "[parameters('adminPassword')]"
                },
                "storageProfile": {
                    "imageReference": {
                        "publisher": "[parameters('imagePublisher')]",
                        "offer": "[parameters('imageOffer')]",
                        "sku": "[parameters('imageSku')]",
                        "version": "[parameters('imageVersion')]"
                    },
                    "osDisk": {
                        "name": "osdisk",
                        "vhd": {
                            "uri": "[concat(reference(concat('Microsoft.Storage/storageAccounts/', variables('storageAccountName')), providers('Microsoft.Storage', 'storageAccounts').apiVersions[0]).primaryEndpoints.blob, variables('vmStorageAccountContainerName'),'/', variables('OSDiskName'), '.vhd')]"
                        },
                        "caching": "ReadWrite",
                        "createOption": "FromImage"
                    }
                },
                "networkProfile": {
                    "networkInterfaces": [
                        {
                            "id": "[resourceId('Microsoft.Network/networkInterfaces',variables('nicName'))]"
                        }
                    ]
                },
                "diagnosticsProfile": {
                    "bootDiagnostics": {
                        "enabled": "true",
                        "storageUri": "[concat(reference(concat('Microsoft.Storage/storageAccounts/', variables('storageAccountName')), providers('Microsoft.Storage', 'storageAccounts').apiVersions[0]).primaryEndpoints.blob)]"
                    }
                }
            }
        }
    ]
}