{
    "$schema": "https://schema.management.azure.com/schemas/2015-01-01/deploymentParameters.json#",
    "contentVersion": "1.0.0.0",
    "parameters": {
        "hostingServerName": {
            "value": "mysqlhost.local.cloudapp.azurestack.external"
        },
        "username": {
            "value": "admin1"
        },
        "password": {
            "value": ""
        },
        "totalSpaceMB": {
            "value": 10240
        },
        "skuName": {
            "value": "MySQLSKU"
        }
    }
}