{
    "$schema": "https://schema.management.azure.com/schemas/2015-01-01/deploymentParameters.json#",
    "contentVersion": "1.0.0.0",
    "parameters": {
        "vmName": {
            "value": "fileserver"
        },
        "fileServerVirtualMachineSize": {
            "value": "Standard_F2s"
        },
        "dnsNameForPublicIP": {
            "value": "appservicefileshare"
        },
        "adminUsername": {
            "value": "fileshareowner"
        },
        "adminPassword": {
            "value": null
        },
        "fileShareOwner": {
            "value": "fileshareowner"
        },
        "fileShareOwnerPassword": {
            "value": null
        },
        "fileShareUser": {
            "value": "fileshareuser"
        },
        "fileShareUserPassword": {
            "value": null
        },
        "vmExtensionScriptLocation": {
            "value": "https://raw.githubusercontent.com/mattmcspirit/azurestack/master/deployment/templates/FileServer/"
        }
    }
}