{
    "$schema": "https://schema.management.azure.com/schemas/2015-01-01/deploymentTemplate.json#",
    "contentVersion": "1.0.0.0",
    "parameters": {
        "storageAccountName": {
            "type": "string",
            "metadata": {
                "Description": "The name of the new storage account created to store the VMs disks"
            }
        },
        "storageAccountType": {
            "type": "string",
            "metadata": {
                "Description": "The type of the Storage Account created"
            }
        },
        "storageAccountResourceGroup": {
            "type": "string",
            "metadata": {
                "Description": "The Resource Group for the new storage account"
            }
        }
    },
    "resources": [],
    "outputs": {
        "storageAccountId": {
            "value": "[reference(resourceId(parameters('storageAccountResourceGroup'), 'Microsoft.Storage/storageAccounts', parameters('storageAccountName')), '2015-06-15')]",
            "type": "string"
        },
        "storageAccountResourceGroup": {
            "type": "string",
            "value": "[parameters('storageAccountResourceGroup')]"
        }
    }
}