{
    "$schema": "https://schema.management.azure.com/schemas/2015-01-01/deploymentTemplate.json#",
    "contentVersion": "1.0.0.0",
    "parameters": {
        "virtualNetworkName": {
            "type": "string"
        },
        "virtualNetworkAddressPrefix": {
            "type": "string"
        },
        "virtualNetworkSubnetName": {
            "type": "string"
        },
        "virtualNetworkSubnetAddressPrefix": {
            "type": "string"
        },
        "virtualNetworkResourceGroup": {
            "type": "string"
        }
    },
    "variables": {
        "vnetID": "[resourceId(parameters('virtualNetworkResourceGroup'), 'Microsoft.Network/virtualNetworks', parameters('virtualNetworkName'))]",
        "subnet": "[concat(variables('vnetID'), '/subnets/', parameters('virtualNetworkSubnetName'))]"
    },
    "resources": [],
    "outputs": {
        "subnetRef": {
            "value": "[variables('subnet')]",
            "type": "string"
        }
    }
}