{
    "$schema": "https://schema.management.azure.com/schemas/2015-01-01/deploymentTemplate.json#",
    "contentVersion": "1.0.0.0",
    "parameters": {
        "vmName": {
            "type": "string"
        },
        "vmSize": {
            "type": "string"
        },
        "imagePublisher": {
            "type": "string"
        },
        "imageOffer": {
            "type": "string"
        },
        "imageSku": {
            "type": "string"
        },
        "imageVersion": {
            "type": "string"
        },
        "adminUserName": {
            "type": "string"
        },
        "adminPassword": {
            "type": "securestring"
        },
        "msSQLPassword": {
            "type": "securestring"
        },
        "sshPublicKey": {
            "type": "securestring"
        },
        "nicName": {
            "type": "string"
        },
        "storageAccountName": {
            "type": "string"
        },
        "storageAccountResourceGroup": {
            "type": "string"
        },
        "scriptBaseUrl": {
            "type": "string"
        }
    },
    "variables": {},
    "resources": [
        {
            "apiVersion": "2015-06-15",
            "type": "Microsoft.Compute/virtualMachines",
            "name": "[parameters('vmName')]",
            "location": "[resourceGroup().location]",
            "dependsOn": [],
            "properties": {
                "hardwareProfile": {
                    "vmSize": "[parameters('vmSize')]"
                },
                "osProfile": {
                    "computerName": "[parameters('vmName')]",
                    "adminUsername": "[parameters('adminUserName')]",
                    "adminPassword": "[parameters('adminPassword')]"
                },
                "storageProfile": {
                    "imageReference": {
                        "publisher": "[parameters('imagePublisher')]",
                        "offer": "[parameters('imageOffer')]",
                        "sku": "[parameters('imageSku')]",
                        "version": "[parameters('imageVersion')]"
                    },
                    "osDisk": {
                        "name": "osdisk",
                        "vhd": {
                            "uri": "[concat(reference(resourceId(parameters('storageAccountResourceGroup'), 'Microsoft.Storage/storageAccounts/', parameters('storageAccountName')),'2016-01-01').primaryEndpoints.blob, 'vhds/', parameters('vmName'), uniquestring(Deployment().Name), '.vhd')]"
                        },
                        "caching": "ReadWrite",
                        "createOption": "FromImage"
                    }
                },
                "networkProfile": {
                    "networkInterfaces": [
                        {
                            "id": "[resourceId('Microsoft.Network/networkInterfaces', parameters('nicName'))]"
                        }
                    ]
                },
                "diagnosticsProfile": {
                    "bootDiagnostics": {
                        "enabled": true,
                        "storageUri": "[concat(reference(resourceId(parameters('storageAccountResourceGroup'), 'Microsoft.Storage/storageAccounts/', parameters('storageAccountName')),'2016-01-01').primaryEndpoints.blob)]"
                    }
                }
            }
        },
        {
            "type": "Microsoft.Compute/virtualMachines/extensions",
            "name": "[concat(parameters('vmName'),'/CustomScriptExtension')]",
            "apiVersion": "2016-03-30",
            "location": "[resourceGroup().location]",
            "dependsOn": [
                "[concat('Microsoft.Compute/virtualMachines/', parameters('vmName'))]"
            ],
            "properties": {
                "publisher": "Microsoft.OSTCExtensions",
                "type": "CustomScriptForLinux",
                "typeHandlerVersion": "1.5",
                "autoUpgradeMinorVersion": true,
                "settings": {
                    "fileUris": [
                        "[concat(parameters('scriptBaseUrl'), 'install_MSSQL.sh')]"
                    ]
                },
                "protectedSettings": {
                    "commandToExecute": "[concat('bash install_MSSQL.sh ', parameters('msSQLPassword'))]"
                }
            }
        }
    ],
    "outputs": {}
}
