{
  "$schema": "https://schema.management.azure.com/schemas/2015-01-01/deploymentTemplate.json#",
  "contentVersion": "1.0.0.0",
  "parameters": {
    "publicIPAddressName": {
      "type": "string"
    },
    "publicIPAddressDomainNameLabel": {
      "type": "string"
    },
    "publicIPAddressResourceGroup": {
      "type": "string",
      "metadata": {
        "description": "The Public IP Addresses Resource Group"
      }
    }
  },
  "variables": {},
  "resources": [],
  "outputs": {
    "publicIpId": {
      "value": "[resourceId(parameters('publicIPAddressResourceGroup'), 'Microsoft.Network/publicIPAddresses', parameters('publicIPAddressName'))]",
      "type": "string"
    },
    "fqdn": {
      "value": "[reference(resourceId(parameters('publicIPAddressResourceGroup'), 'Microsoft.Network/publicIPAddresses', parameters('publicIPAddressName')), '2015-06-15').dnsSettings.fqdn]",
      "type": "string"
    }
  }
}