{
    "$schema": "https://schema.management.azure.com/schemas/2015-01-01/deploymentTemplate.json#",
    "contentVersion": "1.0.0.0",
    "parameters": {
        "vmName": {
            "type": "string",
            "defaultValue": "sql",
            "metadata": {
                "description": "VM Name"
            }
        },
        "vmSize": {
            "type": "string",
            "defaultValue": "Standard_DS1_v2",
            "metadata": {
                "description": "VM Size"
            }
        },
        "adminUsername": {
            "type": "string",
            "defaultValue": "sqladmin",
            "metadata": {
                "description": "Admin user name"
            }
        },
        "authenticationType": {
            "type": "string",
            "defaultValue": "password",
            "metadata": {
                "description": "Authentication Type [password | sshPublicKey]"
            }
        },
        "adminPassword": {
            "type": "securestring",
            "defaultValue": "",
            "metadata": {
                "description": "Admin password"
            }
        },
        "msSQLPassword": {
            "type": "securestring",
            "defaultValue": "",
            "metadata": {
                "description": "Password for SQL Server 2017 Database Server"
            }
        },
        "sshPublicKey": {
            "type": "securestring",
            "defaultValue": "",
            "metadata": {
                "description": "SSH key"
            }
        },
        "virtualNetworkNewOrExisting": {
            "type": "string",
            "defaultValue": "new",
            "metadata": {
                "description": "Virtual Network New Or Existing"
            }
        },
        "virtualNetworkName": {
            "type": "string",
            "defaultValue": "sql_vnet",
            "metadata": {
                "description": "Virtual Network Name"
            }
        },
        "virtualNetworkAddressPrefix": {
            "type": "string",
            "defaultValue": "10.0.0.0/16",
            "metadata": {
                "description": "Virtual Network Address Prefix"
            }
        },
        "virtualNetworkSubnetName": {
            "type": "string",
            "defaultValue": "sql_subnet",
            "metadata": {
                "description": "Virtual Network subnet name"
            }
        },
        "virtualNetworkSubnetAddressPrefix": {
            "type": "string",
            "defaultValue": "10.0.0.0/24",
            "metadata": {
                "description": "Virtual Network subnet address prefix"
            }
        },
        "publicIPAddressNewOrExisting": {
            "type": "string",
            "defaultValue": "new",
            "metadata": {
                "description": "Public IP Address New or Existing"
            }
        },
        "publicIPAddressName": {
            "type": "string",
            "defaultValue": "sql_ip",
            "metadata": {
                "description": "Public IP Address Name"
            }
        },
        "publicIPAddressDomainNameLabel": {
            "type": "string",
            "defaultValue": "sql",
            "metadata": {
                "description": "Public IP domain name prefix"
            }
        },
        "managedDiskAccountType": {
            "type": "string",
            "defaultValue": "Premium_LRS",
            "allowedValues": [
                "Premium_LRS",
                "Standard_LRS"
            ],
            "metadata": {
                "description": "Managed Disks Storage Account Type"
            }
        },
        "scriptBaseUrl": {
            "type": "string",
            "metadata": {
                "artifactsBaseUrl": "",
                "description": "Choose where the SQL Server 2017 install script can be found"
            },
            "defaultValue": "https://raw.githubusercontent.com/mattmcspirit/azurestack/master/deployment/scripts/"
        }
    },
    "variables": {
        "randomGUID": "[substring(uniqueString(subscription().subscriptionId, resourceGroup().id, parameters('vmName'),parameters('adminUsername')),0,6)]",
        "diagStorageAccountName": "[concat(parameters('vmName'),'diagstor', variables('randomGUID'))]",
        "storageAccountResourceGroup": "[resourceGroup().name]",
        "virtualNetworkResourceGroup": "[resourceGroup().name]",
        "publicIPAddressResourceGroup": "[resourceGroup().name]",
        "publicIpAddressId": {
            "id": "[resourceId(variables('publicIpAddressResourceGroup'), 'Microsoft.Network/publicIPAddresses', parameters('publicIpAddressName'))]"
        },
        "linuxConfiguration": {
            "disablePasswordAuthentication": true,
            "ssh": {
                "publicKeys": [
                    {
                        "path": "[concat('/home/', parameters('adminUsername'), '/.ssh/authorized_keys')]",
                        "keyData": "[parameters('sshPublicKey')]"
                    }
                ]
            }
        },
        "nsgName": "[toLower(concat(parameters('vmName'), '_nsg'))]",
        "nicName": "[toLower(concat(parameters('vmName'), '_nic'))]",
        "osDiskName": "[toLower(concat(parameters('vmName'), '_osdisk'))]",
        "imagePublisher": "Canonical",
        "imageOffer": "UbuntuServer",
        "imageSku": "16.04-LTS",
        "imageVersion": "latest"
    },
    "resources": [
        {
            "type": "Microsoft.Storage/storageAccounts",
            "apiVersion": "2017-10-01",
            "name": "[variables('diagStorageAccountName')]",
            "location": "[resourceGroup().location]",
            "kind": "Storage",
            "sku": {
                "name": "Standard_LRS"
            }
        },
        {
            "condition": "[equals(parameters('publicIpAddressNewOrExisting'), 'new')]",
            "type": "Microsoft.Network/publicIPAddresses",
            "apiVersion": "2017-10-01",
            "name": "[parameters('publicIpAddressName')]",
            "location": "[resourceGroup().location]",
            "properties": {
                "publicIPAllocationMethod": "Dynamic",
                "dnsSettings": {
                    "domainNameLabel": "[parameters('publicIPAddressDomainNameLabel')]"
                }
            }
        },
        {
            "condition": "[equals(parameters('virtualNetworkNewOrExisting'), 'new')]",
            "type": "Microsoft.Network/virtualNetworks",
            "apiVersion": "2017-10-01",
            "name": "[parameters('virtualNetworkName')]",
            "location": "[resourceGroup().location]",
            "properties": {
                "addressSpace": {
                    "addressPrefixes": [
                        "[parameters('virtualNetworkAddressPrefix')]"
                    ]
                },
                "subnets": [
                    {
                        "name": "[parameters('virtualNetworkSubnetName')]",
                        "properties": {
                            "addressPrefix": "[parameters('virtualNetworkSubnetAddressPrefix')]"
                        }
                    }
                ]
            }
        },
        {
            "apiVersion": "2017-10-01",
            "type": "Microsoft.Network/networkSecurityGroups",
            "name": "[variables('nsgName')]",
            "location": "[resourceGroup().location]",
            "properties": {
                "securityRules": [
                    {
                        "name": "SQL",
                        "properties": {
                            "protocol": "Tcp",
                            "sourcePortRange": "*",
                            "destinationPortRange": "1433",
                            "sourceAddressPrefix": "*",
                            "destinationAddressPrefix": "*",
                            "access": "Allow",
                            "priority": 100,
                            "direction": "Inbound"
                        }
                    },
                    {
                        "name": "ssh",
                        "properties": {
                            "description": "Allow SSH",
                            "protocol": "Tcp",
                            "sourcePortRange": "*",
                            "destinationPortRange": "22",
                            "sourceAddressPrefix": "*",
                            "destinationAddressPrefix": "*",
                            "access": "Allow",
                            "priority": 110,
                            "direction": "Inbound"
                        }
                    }
                ]
            }
        },
        {
            "apiVersion": "2017-10-01",
            "type": "Microsoft.Network/networkInterfaces",
            "name": "[variables('nicName')]",
            "location": "[resourceGroup().location]",
            "dependsOn": [
                "[parameters('publicIpAddressName')]",
                "[parameters('virtualNetworkName')]"
            ],
            "properties": {
                "ipConfigurations": [
                    {
                        "name": "ipconfig1",
                        "properties": {
                            "privateIPAllocationMethod": "Dynamic",
                            "subnet": {
                                "id": "[resourceId(variables('virtualNetworkResourceGroup'), 'Microsoft.Network/virtualNetworks/subnets/', parameters('virtualNetworkName'), parameters('virtualNetworkSubnetName'))]"
                            },
                            "publicIPAddress": "[if(not(equals(parameters('publicIpAddressNewOrExisting'), 'none')), variables('publicIpAddressId') , json('null'))]"
                        }
                    }
                ]
            }
        },
        {
            "apiVersion": "2017-03-30",
            "type": "Microsoft.Compute/virtualMachines",
            "name": "[parameters('vmName')]",
            "location": "[resourceGroup().location]",
            "dependsOn": [
                "[variables('nicName')]"
            ],
            "properties": {
                "hardwareProfile": {
                    "vmSize": "[parameters('vmSize')]"
                },
                "osProfile": {
                    "computerName": "[parameters('vmName')]",
                    "adminUsername": "[parameters('adminUsername')]",
                    "adminPassword": "[parameters('adminPassword')]",
                    "linuxConfiguration": "[if(equals(parameters('authenticationType'), 'password'), json('null'), variables('linuxConfiguration'))]"
                },
                "storageProfile": {
                    "imageReference": {
                        "publisher": "[variables('imagePublisher')]",
                        "offer": "[variables('imageOffer')]",
                        "sku": "[variables('imageSKU')]",
                        "version": "[variables('imageVersion')]"
                    },
                    "osDisk": {
                        "osType": "Linux",
                        "name": "[variables('osDiskName')]",
                        "caching": "ReadWrite",
                        "createOption": "FromImage",
                        "diskSizeGB": 30,
                        "managedDisk": {
                            "storageAccountType": "[parameters('managedDiskAccountType')]"
                        }
                    }
                },
                "networkProfile": {
                    "networkInterfaces": [
                        {
                            "id": "[resourceId('Microsoft.Network/networkInterfaces', variables('nicName'))]"
                        }
                    ]
                },
                "diagnosticsProfile": {
                    "bootDiagnostics": {
                        "enabled": true,
                        "storageUri": "[reference(resourceId(variables('storageAccountResourceGroup'), 'Microsoft.Storage/storageAccounts/', variables('diagStorageAccountName'))).primaryEndpoints.blob]"
                    }
                }
            }
        },
        {
            "type": "Microsoft.Compute/virtualMachines/extensions",
            "name": "[concat(parameters('vmName'),'/CustomScriptExtension')]",
            "apiVersion": "2017-03-30",
            "location": "[resourceGroup().location]",
            "dependsOn": [
                "[concat('Microsoft.Compute/virtualMachines/', parameters('vmName'))]"
            ],
            "properties": {
                "publisher": "Microsoft.OSTCExtensions",
                "type": "CustomScriptForLinux",
                "typeHandlerVersion": "1.5",
                "autoUpgradeMinorVersion": true,
                "settings": {
                    "fileUris": [
                        "[concat(parameters('scriptBaseUrl'), 'install_MSSQL.sh')]"
                    ]
                },
                "protectedSettings": {
                    "commandToExecute": "[concat('bash install_MSSQL.sh ', parameters('msSQLPassword'))]"
                }
            }
        }
    ],
    "outputs": {
        "SQLVMFQDN:": {
            "value": "[concat('https://',reference(resourceId('Microsoft.Network/publicIPAddresses',parameters('publicIPAddressName'))).dnsSettings.fqdn)]",
            "type": "string"
        },
        "SQLAdminUsername ": {
            "type": "string",
            "value": "[parameters('adminUsername')]"
        },
        "SQLDatabaseUsername ": {
            "type": "string",
            "value": "sa"
        }
    }
}