{
    "$schema": "https://schema.management.azure.com/schemas/2015-01-01/deploymentParameters.json#",
    "contentVersion": "1.0.0.0",
    "parameters": {
        "hostingServerName": {
            "value": "sqlrp.local.cloudapp.azurestack.external"
        },
        "totalSpaceMB": {
            "value": 10240
        },
        "hostingServerSQLLoginName": {
            "value": "sa"
        },
        "hostingServerSQLLoginPassword": {
            "value": ""
        },
        "skuName": {
            "value": "SQL2014"
        }
    }
}